Item,Price
mil waukcs lithiumlon miz dniver dimaiven combo ke edle,99.0
ecl aptelitled color changing splial slralght or riban trce lior satod,59.99
cos weber genesis d grill ejno gas slunes udns cetnaee wo oys dor cunrne wle s l s,599.0
805 ironvcod wodp pellec gil,139.96
caah resere taceex cnoily beorub swect apple ox bba sauce,7.95
bende resve hardwrood pellets 20 lb dilie eee rarsald rly,17.65
coth prio 760 woop pelet gil coona csd contol ges bdeaa raen cts seet ddiond ee crt a enar a,84.95
milamed mis connact dilv c diver combo dnver impact kit drilidivey kit impact or kit diver,149.0
milwaukec mie redlithium brushless dill compact s impact dniver kit,179.0
cach mawaakee blada set sa blsets ox vudus ar iod dod,14.99
coeh miymulee taoln accossones se ouer e cl ceu,1.99
mnine lnlle fuwtizil iihi oin brushless dill dei impuul uv conibo kit musilan udod,399.0
ciaflaman pomne tools vac or,69.0
craftoman lithumolon v20 combo dnidnvex kit 10 po 245 po or nechamics toal set wen mted pulld,99.0
craftoan tools porby seel stun o,5.9
gal ollfrce crafean 6 panesle alr compter versastack 220 pa ox mcabanics tool sct,129.0
sggg sash chafton tools eacceresin tos duan tdte de,12.9
prolit a led potted pime tree,49.99
cech platimmm led reollight sete tee s,19.99
ceeh santa or snommen ledyaxd ders lti cod,49.99
coeh led proln minred 24 pine wreath os garland smm sn,25.99
sacs platin led wm tvinkling shimmex sphere,16.99
platinum led light tvintling burst,22.99
ech light sets led,9.99
cads 300 cl led light sato hooles clies cee,24.99
cach nonhen prelit pine garlandoy g 2a vrenth ceno te oe,14.99
caed cold led light scle aeles n le,19.99
cash mini 300 cl light set cas macoe cx oanaen aaoe,12.99
light with ronote control tonlos fdwot dvr,3.99
dewalt volt max 20 atoolcombo kit motsst ceeac s e soee,279.0
devalr 20 voll max limhimmlon powar took co ss jie cired ov vun oe ted oe al bld,12.9
dewait 20 volt max litbiumion dillimpact drivor kit casco lrao cin,139.0
volt max devialt 20 lithiumion power tools jobsite spoaker batteries oy co ota eli col,99.0
dewalt 20 volt max lithiumelion compact dinll l kie driver impact caold utle gio data saia,149.0
blades bil scle saw pry bar or orssce oinalio o s soe ollte pe cnor a,9.99
oaced dewalt blndn bit sels saw oy right anglo attachmcit 1o,19.99
s999g9g big gnese green large ceamic smokey cool cee,999.99
cesh chefs bayou ox mix 1t oz bine baue slotes,8.89
soq propane turkey fyer ltel nounil anc ce cils cl dpund,89.99
cicc dickics bcanic tiagger lomdea otias dlated lou lta cs,17.99
woage timbeine xl pelega,799.95
blackodecker pover tools suead adeize zass swiw ume g cha cea o5 pee lio oy d,29.99
aca hand tools accessoncs ten a iar tolll aiont pdvin,5.19
cae hand toals e accesscirs tintrl anood tel lid or,29.49
ego powers s6 vuit soo cee handhad blomde olt eacmo co et,179.0
cech prelit led decorated 30 wanth,49.99
oach inlatable 8 santa snown or dn onil coutes,499.99
8 1250 womer typs capacity lb fibeglss stopladdey at mrapoi co,79.99
oaeh v prolindied slm mmenrdi liliomd onunn nanald cmalu owoed aa nl,99.99
patio dr heater aldio bl vsgs oe len eols ste,169.99
solo slove bonfre stand c re iod uose aoe ao aree ctlod laa d ts sees san ca,299.99
cace sherpa fleece throw ommss kot fid our,14.99
cach ooni 12 koda kan ox outdoor pilza oven o owos ma wted oull pusa rie oe lt owes a vi le omie sd,319.49
perlect aire 25 oscillaing cemmic tovie voith hoator,8.99
